Sitio,Luz_Cantidad,Biomasa,indice_luz,categoria_luz
S1,100,2.5,0.2222222222222222,baja
S2,250,5.2,0.5555555555555556,media
S3,50,1.1,0.1111111111111111,baja
S4,400,8.5,0.8888888888888888,alta
S5,300,6.1,0.6666666666666666,alta
S6,150,3.0,0.3333333333333333,media
S7,450,9.5,1.0,alta
S8,200,4.0,0.4444444444444444,media
S9,350,7.3,0.7777777777777778,alta
S10,120,2.8,0.26666666666666666,baja
